"","CountryCode","CountryName","1999","2000","2001","2002","2003","2004","2005","Region","IncomeGroup","SpecialNotes","TableName","X"
"1","ABW","Aruba",19833.8267458639,21026.1670909022,20911.1927670907,21375.269123446,22050.589873287,24105.5241207717,24978.2216741187,"Latin America & Caribbean","High income","","Aruba",NA
"2","AFE","Africa Eastern and Southern",678.004155967361,715.142507332877,633.473381647953,633.520200697013,819.986705041887,994.193854428418,1130.16893800135,"Other","Other","26 countries, stretching from the Red Sea in the North to the Cape of Good Hope in the South (https://www.worldbank.org/en/region/afr/eastern-and-southern-africa)","Africa Eastern and Southern",NA
"3","AFG","Afghanistan",NA,180.188369406647,142.903364432457,182.174038211707,199.643226536823,221.830530720307,254.115276010485,"South Asia","Low income","The reporting period for national accounts data is designated as either calendar year basis (CY) or fiscal year basis (FY). For this country, it is fiscal year-based (fiscal year-end: March 20). Also, an estimate (PA.NUS.ATLS) of the exchange rate covers the same period and thus differs from the official exchange rate (CY).

In addition, the World Bank systematically assesses the appropriateness of official exchange rates as conversion factors. In this country, multiple or dual exchange rate activity exists and must be accounted for appropriately in underlying statistics. An alternative estimate (“alternative conversion factor” - PA.NUS.ATLS) is thus calculated as a weighted average of the different exchange rates in use in the country. Doing so better reflects economic reality and leads to more accurate cross-country comparisons and country classifications by income level. For this country, this applies to the period 1960-2006. Alternative conversion factors are used in the Atlas methodology and elsewhere in World Development Indicators as single-year conversion factors.","Afghanistan",NA
"4","AFW","Africa Western and Central",531.516489087778,527.202561683489,539.225748784857,627.095915323968,706.476561309633,850.083582158985,1008.34176572599,"Other","Other","22 countries, stretching from the westernmost point of Africa, across the equator, and partly along the Atlantic Ocean till the Republic of Congo in the South (https://www.worldbank.org/en/region/afr/western-and-central-africa)","Africa Western and Central",NA
"5","AGO","Angola",387.689437952028,556.884252978488,527.46411051877,872.657631363509,982.805587449171,1254.696118613,1900.72380923794,"Sub-Saharan Africa","Lower middle income","The World Bank systematically assesses the appropriateness of official exchange rates as conversion factors. In this country, multiple or dual exchange rate activity exists and must be accounted for appropriately in underlying statistics. An alternative estimate (“alternative conversion factor” - PA.NUS.ATLS) is thus calculated as a weighted average of the different exchange rates in use in the country. Doing so better reflects economic reality and leads to more accurate cross-country comparisons and country classifications by income level. For this country, this applies to the period 1994-2023. Alternative conversion factors are used in the Atlas methodology and elsewhere in World Development Indicators as single-year conversion factors.","Angola",NA
"6","ALB","Albania",1033.24253162418,1126.68334010717,1281.6598256178,1425.12421860142,1846.12012081207,2373.58129170055,2673.78781583529,"Europe & Central Asia","Upper middle income","","Albania",NA
"7","AND","Andorra",18891.0989731077,21674.299721519,22829.0446484521,24901.9721421265,32025.9489485981,37698.3261343274,39599.6804439248,"Europe & Central Asia","High income","","Andorra",NA
"8","ARB","Arab World",2362.99620692573,2649.77245147363,2527.91694092746,2478.93415179419,2697.48562999278,3140.30963599122,3760.92011203428,"Other","Other","Arab World aggregate. Arab World is composed of members of the League of Arab States.","Arab World",NA
"9","ARE","United Arab Emirates",27261.9065733158,31855.5006047175,29909.0094348435,30221.9669995136,32607.3729348287,37017.736365469,42190.5543794633,"Middle East & North Africa","High income","","United Arab Emirates",NA
"10","ARG","Argentina",7735.32208018486,7666.51783423783,7168.97587232911,2579.48876933284,3333.15290388997,4258.16026060875,5086.62776073134,"Latin America & Caribbean","Upper middle income","The World Bank systematically assesses the appropriateness of official exchange rates as conversion factors. In this country, multiple or dual exchange rate activity exists and must be accounted for appropriately in underlying statistics. An alternative estimate (“alternative conversion factor” - PA.NUS.ATLS) is thus calculated as a weighted average of the different exchange rates in use in the country. Doing so better reflects economic reality and leads to more accurate cross-country comparisons and country classifications by income level. For this country, this applies to the period 1971-2018. Alternative conversion factors are used in the Atlas methodology and elsewhere in World Development Indicators as single-year conversion factors.","Argentina",NA
"11","ARM","Armenia",575.62847915563,603.298025247115,676.150011307766,765.31617768154,910.171261745184,1166.63820390025,1608.16340758242,"Europe & Central Asia","Upper middle income","","Armenia",NA
"12","ASM","American Samoa",NA,NA,NA,8800.72881035461,9043.68236654528,8832.81851941832,8733.01428721137,"East Asia & Pacific","High income","","American Samoa",NA
"13","ATG","Antigua and Barbuda",11318.1183513474,11998.559081365,11513.6759799884,11632.7338414261,12141.6017362223,12999.347379454,14319.8839952274,"Latin America & Caribbean","High income","","Antigua and Barbuda",NA
"14","AUS","Australia",20712.6697805564,21870.4159669594,19695.7297379144,20301.8431713256,23718.1338501868,30836.7306824685,34479.7679298388,"East Asia & Pacific","High income","","Australia",NA
"15","AUT","Austria",27183.4759263956,24625.6007227434,24558.7636778868,26527.5930910347,32294.0488606559,36889.2335135194,38417.4577857677,"Europe & Central Asia","High income","A simple multiplier is used to convert the national currencies of EMU members to euros. The following irrevocable euro conversion rate was adopted by the EU Council on January 1, 1999: 1 euro = 13.7603 Austrian schilling. Please note that historical data before 1999 are not actual euros and are not comparable or suitable for aggregation across countries.","Austria",NA
"16","AZE","Azerbaijan",573.893528734031,655.097249579917,703.670998584686,763.108895463487,883.692580745256,1045.0136328106,1578.36733030667,"Europe & Central Asia","Upper middle income","","Azerbaijan",NA
"17","BDI","Burundi",130.753023919327,138.004617225366,135.606475784646,124.139301558193,114.36700716216,128.538422519456,151.188541005904,"Sub-Saharan Africa","Low income","The World Bank systematically assesses the appropriateness of official exchange rates as conversion factors. In this country, multiple or dual exchange rate activity exists and must be accounted for appropriately in underlying statistics. An alternative estimate (“alternative conversion factor” - PA.NUS.ATLS) is thus calculated as a weighted average of the different exchange rates in use in the country. Doing so better reflects economic reality and leads to more accurate cross-country comparisons and country classifications by income level. For this country, this applies to the period 1983-2023. Alternative conversion factors are used in the Atlas methodology and elsewhere in World Development Indicators as single-year conversion factors.","Burundi",NA
"18","BEL","Belgium",25252.8019066564,23098.8865077401,23015.0712632462,25006.191397109,30655.2092679024,35429.4077933344,36809.7013403619,"Europe & Central Asia","High income","A simple multiplier is used to convert the national currencies of EMU members to euros. The following irrevocable euro conversion rate was adopted by the EU Council on January 1, 1999: 1 euro = 40.3399 Belgian franc. Please note that historical data before 1999 are not actual euros and are not comparable or suitable for aggregation across countries.","Belgium",NA
"19","BEN","Benin",541.702259297898,502.997981069672,508.34744771123,564.379057652491,698.408777315146,784.119075060929,805.904685277445,"Sub-Saharan Africa","Lower middle income","","Benin",NA
"20","BFA","Burkina Faso",293.887444638519,249.802075690488,260.443473110803,286.753714867893,363.818351959243,405.451276438268,442.944430628899,"Sub-Saharan Africa","Low income","","Burkina Faso",NA
"21","BGD","Bangladesh",404.486143135093,413.100185264402,410.048540904043,407.96296761642,440.714404819588,469.116458369252,493.043250641143,"South Asia","Lower middle income","The reporting period for national accounts data is designated as either calendar year basis (CY) or fiscal year basis (FY). For this country, it is fiscal year-based (fiscal year-end: June 30). Also, an estimate (PA.NUS.ATLS) of the exchange rate covers the same period and thus differs from the official exchange rate (CY).","Bangladesh",NA
"22","BGR","Bulgaria",1659.71861105493,1621.26210738992,1770.90704918691,2092.98288625558,2719.49436859287,3389.68743360274,3899.82596332878,"Europe & Central Asia","High income","","Bulgaria",NA
"23","BHR","Bahrain",10877.2001175152,12738.7741181575,12291.8326130535,12819.9959353139,14230.29675298,15777.9636408956,17705.235163895,"Middle East & North Africa","High income","","Bahrain",NA
"24","BHS","Bahamas, The",23991.7008043163,24849.6064784902,25234.1441512502,26590.1401788013,26204.8804986853,26393.4139538137,28280.870835298,"Latin America & Caribbean","High income","","Bahamas, The",NA
"25","BIH","Bosnia and Herzegovina",1128.39888405073,1332.21021661547,1382.7674599413,1602.5640389208,2031.40248331495,2451.57730128439,2741.08017482431,"Europe & Central Asia","Upper middle income","","Bosnia and Herzegovina",NA
"26","BLR","Belarus",1210.5874393672,1276.28038121269,1244.37318523431,1479.38066337175,1819.52653114699,2378.33700470129,3126.07176665248,"Europe & Central Asia","Upper middle income","Data before 2015 were adjusted to reflect the new denomination effective from July 1, 2016 (BYN), a decrease of 10,000 times (1 BYN = 10,000 BYR)","Belarus",NA
"27","BLZ","Belize",4283.47706897941,4720.16821801746,4708.29493729742,4844.22857447243,4937.08990506267,5123.59621428164,5236.36542558777,"Latin America & Caribbean","Upper middle income","","Belize",NA
"28","BMU","Bermuda",54245.459737293,56284.1686478094,58883.9594265967,62583.1002034588,66111.7252270035,70359.3191088798,75882.0338560339,"North America","High income","","Bermuda",NA
"29","BOL","Bolivia",981.752978245454,977.329417675872,930.875684294239,888.198576030752,892.355341638943,951.951622939377,1018.31372502967,"Latin America & Caribbean","Lower middle income","","Bolivia",NA
"30","BRA","Brazil",3456.42330254074,3726.81166909716,3142.23513974908,2824.71541300038,3056.64979769494,3623.22446166485,4773.26855132261,"Latin America & Caribbean","Upper middle income","","Brazil",NA
"31","BRB","Barbados",11173.9493679991,11560.2459031879,11510.0404330443,11658.629036798,11998.1756941147,12828.4389489954,14173.7513776686,"Latin America & Caribbean","High income","","Barbados",NA
"32","BRN","Brunei Darussalam",14065.6995187992,17971.8922877592,16437.4220369591,16817.2388653005,18521.3661264173,21839.2636191121,25991.2140091511,"East Asia & Pacific","High income","","Brunei Darussalam",NA
"33","BTN","Bhutan",699.331335938913,784.618402708544,822.417545612991,903.557177647466,1027.27339100676,1131.32103433499,1297.09206558744,"South Asia","Lower middle income","","Bhutan",NA
"34","BWA","Botswana",3242.13733545114,3351.6965168531,3115.6789995428,3029.78836233973,4111.73808510941,4818.21310297023,5240.316159068,"Sub-Saharan Africa","Upper middle income","","Botswana",NA
"35","CAF","Central African Republic",273.427927943248,243.877580075298,242.575726772934,253.410670425052,283.675348129871,309.190242787419,317.877677935844,"Sub-Saharan Africa","Low income","","Central African Republic",NA
"36","CAN","Canada",22315.2466731545,24271.0020563821,23822.096210932,24256.0192337185,28301.8645937428,32145.5412620217,36383.6600068095,"North America","High income","Fiscal year end: March 31; reporting period for national accounts data: CY.","Canada",NA
"37","CEB","Central Europe and the Baltics",3989.19763668875,3952.10847564762,4352.72142683134,4937.13170961872,5949.81425310734,7176.5083837799,8355.86921001736,"Other","Other","Central Europe and the Baltics aggregate.","Central Europe and the Baltics",NA
"38","CHE","Switzerland",41695.6912912021,38865.021939688,39638.7911061864,42458.7384679187,49335.7456291067,54659.4571488233,56242.8933645639,"Europe & Central Asia","High income","","Switzerland",NA
"39","CHI","Channel Islands",43247.6859965862,44318.2210969282,42678.2770294233,45279.6419356799,49428.3097589957,57200.4664639273,58550.6571723349,"Europe & Central Asia","High income","","Channel Islands",NA
"40","CHL","Chile",4980.01080199612,5102.96876097291,4610.59269482557,4477.18785195496,4823.25742097417,6185.30378783274,7560.54366823827,"Latin America & Caribbean","High income","","Chile",NA
"41","CHN","China",873.292336318005,959.360431369138,1053.11231442789,1148.51425710711,1288.63749134336,1508.66791560781,1753.41419160544,"East Asia & Pacific","Upper middle income","On 1 July 1997 China resumed its exercise of sovereignty over Hong Kong, and on 20 December 1999, China resumed its exercise of sovereignty over Macao. Unless otherwise noted, data for China do not include data for Hong Kong SAR, China; Macao SAR, China; or Taiwan, China.

The World Bank systematically assesses the appropriateness of official exchange rates as conversion factors. In this country, multiple or dual exchange rate activity exists and must be accounted for appropriately in underlying statistics. An alternative estimate (“alternative conversion factor” - PA.NUS.ATLS) is thus calculated as a weighted average of the different exchange rates in use in the country. Doing so better reflects economic reality and leads to more accurate cross-country comparisons and country classifications by income level. For this country, this applies to the period 1978-1993. Alternative conversion factors are used in the Atlas methodology and elsewhere in World Development Indicators as single-year conversion factors.","China",NA
"42","CIV","Cote d'Ivoire",1154.4790670714,986.77735288125,974.779985317925,1020.95049076837,1173.06388212738,1267.76482364824,1267.08731045878,"Sub-Saharan Africa","Lower middle income","","Côte d'Ivoire",NA
"43","CMR","Cameroon",786.845887729287,700.163236203934,706.984217273287,780.270553768662,976.519303225319,1119.98086102809,1129.35797972129,"Sub-Saharan Africa","Lower middle income","","Cameroon",NA
"44","COD","Congo, Dem. Rep.",99.7572508320882,392.626333784131,148.447123509623,168.944805273879,167.981575409282,187.856781029954,211.572629664001,"Sub-Saharan Africa","Low income","The World Bank systematically assesses the appropriateness of official exchange rates as conversion factors. In this country, multiple or dual exchange rate activity exists and must be accounted for appropriately in underlying statistics. An alternative estimate (“alternative conversion factor” - PA.NUS.ATLS) is thus calculated as a weighted average of the different exchange rates in use in the country. Doing so better reflects economic reality and leads to more accurate cross-country comparisons and country classifications by income level. For this country, this applies to the period 1999-2004. Alternative conversion factors are used in the Atlas methodology and elsewhere in World Development Indicators as single-year conversion factors.","Congo, Dem. Rep.",NA
"45","COG","Congo, Rep.",780.589705459903,1029.96068881894,859.440012475987,910.869710766426,1023.08849619066,1314.41128060735,1810.58894236459,"Sub-Saharan Africa","Lower middle income","","Congo, Rep.",NA
"46","COL","Colombia",2236.07292591824,2546.85021359809,2465.00701162874,2421.1621037421,2305.17050697714,2811.45945051653,3448.53832259071,"Latin America & Caribbean","Upper middle income","","Colombia",NA
"47","COM","Comoros",726.488888531733,654.18043075023,691.041978010695,761.947888181814,959.228987622236,1090.42716869473,1103.19541672121,"Sub-Saharan Africa","Lower middle income","","Comoros",NA
"48","CPV","Cabo Verde",1317.57368454047,1176.70725787049,1208.4576085771,1311.21458117954,1693.97855163071,1900.88846473653,1972.78492636901,"Sub-Saharan Africa","Lower middle income","","Cabo Verde",NA
"49","CRI","Costa Rica",3653.75420836815,3773.03379319679,3941.59864349203,4021.42536130228,4123.5064871039,4376.08042847261,4643.45856992587,"Latin America & Caribbean","Upper middle income","","Costa Rica",NA
"50","CSS","Caribbean small states",6348.26991608551,6622.11361768281,6623.91876936553,6953.2491327044,7097.21926291305,7415.22221389595,8056.62288286517,"Other","Other","Caribbean small states aggregate.","Caribbean small states",NA
"51","CUB","Cuba",2562.27410535087,2752.20378269319,2844.24443674985,3007.19307369322,3205.68839767994,3403.29616311163,3791.87300608904,"Latin America & Caribbean","Upper middle income","","Cuba",NA
"52","CUW","Curacao",NA,NA,NA,NA,NA,NA,NA,"Latin America & Caribbean","High income","","Curaçao",NA
"53","CYM","Cayman Islands",NA,NA,NA,NA,NA,NA,NA,"Latin America & Caribbean","High income","","Cayman Islands",NA
"54","CYP","Cyprus",15287.9189453125,14388.34765625,14821.447265625,16093.21484375,20252.23828125,23792.62109375,24959.259765625,"Europe & Central Asia","High income","A simple multiplier is used to convert the national currencies of EMU members to euros. The following irrevocable euro conversion rate entered into force on January 1, 2008: 1 euro = 0.585274 Cyprus pounds. Please note that historical data are not actual euros and are not comparable or suitable for aggregation across countries.","Cyprus",NA
"55","CZE","Czechia",6337.41912037126,6029.03819275358,6637.04165713981,8060.86870292424,9818.56849307488,11749.8526643577,13430.6698955613,"Europe & Central Asia","High income","","Czechia",NA
"56","DEU","Germany",26734.9425369252,23694.7604830673,23628.3272122367,25197.2656001848,30310.3575963774,34106.6581224001,34520.2396492496,"Europe & Central Asia","High income","A simple multiplier is used to convert the national currencies of EMU members to euros. The following irrevocable euro conversion rate was adopted by the EU Council on January 1, 1999: 1 euro = 1.95583 Deutsche Mark. Please note that historical data before 1999 are not actual euros and are not comparable or suitable for aggregation across countries.","Germany",NA
"57","DJI","Djibouti",745.206782171228,742.865697154312,747.779122941073,749.081632535869,771.374231644966,813.897943575246,852.890188282475,"Middle East & North Africa","Lower middle income","","Djibouti",NA
"58","DMA","Dominica",4829.24188854492,4879.14977277925,4991.76417331157,4881.13879312496,5016.08823691755,5354.79919503019,5304.12609656574,"Latin America & Caribbean","Upper middle income","","Dominica",NA
"59","DNK","Denmark",33440.7948054204,30743.5476816354,30751.654348268,33228.6935448819,40458.7773986609,46511.5983324305,48799.8256011275,"Europe & Central Asia","High income","","Denmark",NA
"60","DOM","Dominican Republic",2631.74356495405,2845.84655316676,2953.24784377211,3085.51781113784,2399.49809124012,2468.43678989514,3903.8152066628,"Latin America & Caribbean","Upper middle income","","Dominican Republic",NA
"61","DZA","Algeria",1602.8649145582,1780.37606280604,1904.21555356782,1945.19192868032,2292.31758148495,2827.22716459299,3248.09981432319,"Middle East & North Africa","Upper middle income","","Algeria",NA
"62","EAP","East Asia & Pacific (excluding high income)",877.111243169083,955.506658861057,1007.10846078881,1104.78906670935,1239.86530795546,1425.92489652597,1638.41551979907,"Other","Other","","East Asia & Pacific (excluding high income)",NA
"63","EAR","Early-demographic dividend",1259.938621645,1351.5090223528,1316.31803663168,1256.17236508764,1374.56624992721,1570.59275985496,1796.64191054466,"Other","Other","Early-dividend countries are mostly lower-middle-income countries further along the fertility transition. Fertility rates have fallen below four births per woman and the working-age share of the population is likely rising considerably.","Early-demographic dividend",NA
"64","EAS","East Asia & Pacific",3816.37712431037,4090.21251303694,3769.36851212007,3796.96423534443,4142.7074047667,4610.31976489878,4882.17307110813,"Other","Other","East Asia and Pacific regional aggregate (includes all income levels).","East Asia & Pacific",NA
"65","ECA","Europe & Central Asia (excluding high income)",1777.71179591122,1806.71402040987,1541.93087892577,1786.10360302103,2267.10000300183,2906.97741345164,3602.23384624342,"Other","Other","","Europe & Central Asia (excluding high income)",NA
"66","ECS","Europe & Central Asia",12385.748488214,11665.0994156041,11768.2004273187,12862.8599447957,15595.8500382183,18124.8041062578,19222.0800936171,"Other","Other","Europe and Central Asia regional aggregate (includes all income levels).","Europe & Central Asia",NA
"67","ECU","Ecuador",1582.75860694668,1389.09792925024,1800.398364535,2069.8497675204,2328.0038829626,2600.36980794325,2925.11357288578,"Latin America & Caribbean","Upper middle income","","Ecuador",NA
"68","EGY","Egypt, Arab Rep.",1297.57469006096,1398.85983078672,1327.09651832991,1144.53239841974,1056.93720896595,1016.25388395628,1133.10546057176,"Middle East & North Africa","Lower middle income","The reporting period for national accounts data is designated as either calendar year basis (CY) or fiscal year basis (FY). For this country, it is fiscal year-based (fiscal year-end: June 30) for the years 1980 and after. The data from 1973 to 1979 refer to the calendar year data. Also, an estimate (PA.NUS.ATLS) of the exchange rate covers the same period and thus differs from the official exchange rate (CY). 

In addition, the World Bank systematically assesses the appropriateness of official exchange rates as conversion factors. In this country, multiple or dual exchange rate activity exists and must be accounted for appropriately in underlying statistics. An alternative estimate (“alternative conversion factor” - PA.NUS.ATLS) is thus calculated as a weighted average of the different exchange rates in use in the country. Doing so better reflects economic reality and leads to more accurate cross-country comparisons and country classifications by income level. For this country, this applies to the period 1965-2021. Alternative conversion factors are used in the Atlas methodology and elsewhere in World Development Indicators as single-year conversion factors.

The national accounts data for Egypt has been updated to reflect local constant prices in the year 2022, moving from the previous reference of 2017.","Egypt, Arab Rep.",NA
"69","EMU","Euro area",21983.6353534704,20005.4367649864,20251.3049435378,22002.8316669037,26945.25764092,30728.9958326427,31669.9874024419,"Other","Other","Euro area aggregate.","Euro area",NA
"70","ERI","Eritrea",292.351055034934,295.19692403481,305.602761066102,286.297718854154,327.976010895557,401.374525156058,387.898531945005,"Sub-Saharan Africa","Low income","The World Bank systematically assesses the appropriateness of official exchange rates as conversion factors. In this country, multiple or dual exchange rate activity exists and must be accounted for appropriately in underlying statistics. An alternative estimate (“alternative conversion factor” - PA.NUS.ATLS) is thus calculated as a weighted average of the different exchange rates in use in the country. Doing so better reflects economic reality and leads to more accurate cross-country comparisons and country classifications by income level. For this country, this applies to the period 1992-1997. Alternative conversion factors are used in the Atlas methodology and elsewhere in World Development Indicators as single-year conversion factors.","Eritrea",NA
"71","ESP","Spain",15720.6405016061,14749.6874248766,15369.0011599444,17106.686576658,21510.8362454011,24907.0008505856,26429.1509449319,"Europe & Central Asia","High income","A simple multiplier is used to convert the national currencies of EMU members to euros. The following irrevocable euro conversion rate was adopted by the EU Council on January 1, 1999: 1 euro = 166.386 Spanish peseta. Please note that historical data before 1999 are not actual euros and are not comparable or suitable for aggregation across countries.","Spain",NA
"72","EST","Estonia",4140.93660232167,4070.60902410208,4505.85833233188,5341.62894677002,7203.52303786646,8914.10355674451,10412.6443137966,"Europe & Central Asia","High income","The following irrevocable euro conversion rate entered into force on January 1, 2011: 1 euro = 15.6466 Estonian kroon. Please note that historical data are not actual euros and are not comparable or suitable for aggregation across countries.","Estonia",NA
"73","ETH","Ethiopia",121.285604859401,122.961659681414,119.261857260772,110.460874721483,117.860164733528,134.542486332684,160.076791772058,"Sub-Saharan Africa","Low income","The reporting period for national accounts data is designated as either calendar year basis (CY) or fiscal year basis (FY). For this country, it is fiscal year-based (fiscal year-end: July 7). Also, an estimate (PA.NUS.ATLS) of the exchange rate covers the same period and thus differs from the official exchange rate (CY).","Ethiopia",NA
"74","EUU","European Union",18482.5401261558,16947.7548801633,17198.0404480502,18759.6997272038,22967.9352587553,26307.1978718488,27341.7316541806,"Other","Other","European Union aggregate.","European Union",NA
"75","FCS","Fragile and conflict affected situations",667.758521407211,763.826930716849,731.010633303808,696.191010096695,715.048054121416,885.530929687614,1093.61096056839,"Other","Other","Countries are distinguished based on the nature and severity of issues they face. The classification uses the following categories: - Countries with high levels of institutional and social fragility, identified based on publicly available indicators that measure the quality of policy and institutions and manifestations of fragility. - Countries affected by violent conflict, identified based on a threshold number of conflict-related deaths relative to the population. This category includes two sub-categories based on the intensity of violence: countries in high-intensity conflict and countries in medium-intensity conflict. For more information, please visit https://www.worldbank.org/en/topic/fragilityconflictviolence/brief/harmonized-list-of-fragile-situations.","Fragile and conflict affected situations",NA
"76","FIN","Finland",26186.1900105755,24345.9148217032,24967.7925153182,26997.7529897788,32927.6802919408,37772.1781110398,39054.8504423825,"Europe & Central Asia","High income","A simple multiplier is used to convert the national currencies of EMU members to euros. The following irrevocable euro conversion rate was adopted by the EU Council on January 1, 1999: 1 euro = 5.94573 Finnish markka. Please note that historical data before 1999 are not actual euros and are not comparable or suitable for aggregation across countries.","Finland",NA
"77","FJI","Fiji",2351.72242912863,2015.85749571271,1964.13020427679,2157.07659613693,2680.27074880376,3124.60738926325,3406.47559239037,"East Asia & Pacific","Upper middle income","","Fiji",NA
"78","FRA","France",24678.3910613218,22416.425417915,22449.3396931175,24288.2700193508,29627.92426353,33797.1624418436,34768.1759037525,"Europe & Central Asia","High income","The following irrevocable euro conversion rate was adopted by the EU Council on January 1, 1999: 1 euro = 6.55957 French franc. Please note that historical data before 1999 are not actual euros and are not comparable or suitable for aggregation across countries.","France",NA
"79","FRO","Faroe Islands",24947.1235837634,23370.7737767844,25089.5926494304,27238.0255328878,31691.880082905,35940.9608625712,36440.3221972404,"Europe & Central Asia","High income","","Faroe Islands",NA
"80","FSM","Micronesia, Fed. Sts.",1973.66392024314,2088.20954444136,2152.5252795941,2165.48682048718,2195.18715620947,2155.78169026723,2256.01135749054,"East Asia & Pacific","Lower middle income","Fiscal year ends on September 30; reporting period for national accounts data: FY. The source for national accounts data is the Pacific and Virgin Islands Training Initiative.","Micronesia, Fed. Sts.",NA
"81","GAB","Gabon",3758.16193587765,3991.15715141003,3844.56134920847,3976.64679620587,4724.2547983061,5483.14457467164,6570.96326530919,"Sub-Saharan Africa","Upper middle income","","Gabon",NA
"82","GBR","United Kingdom",28762.0913570256,28280.926786099,27906.5695029641,30077.741432188,34442.6875402308,40366.8886650968,42104.7884375024,"Europe & Central Asia","High income","","United Kingdom",NA
"83","GEO","Georgia",673.537782887275,749.908534993961,801.98383707929,853.526171868939,1010.03151630868,1305.04748557208,1642.78359414797,"Europe & Central Asia","Upper middle income","Includes self-governed areas only, which mostly exclude Abkhazia and South Ossetia, but small areas in Abkhazia and South Ossetia are included before 2008 or 2009 because of the changes in self-governed areas.","Georgia",NA
"84","GHA","Ghana",402.471403180069,253.380293175761,263.170141384943,297.046970350611,357.847982643309,405.424901764719,477.601092763442,"Sub-Saharan Africa","Lower middle income","The World Bank systematically assesses the appropriateness of official exchange rates as conversion factors. In this country, multiple or dual exchange rate activity exists and must be accounted for appropriately in underlying statistics. An alternative estimate (“alternative conversion factor” - PA.NUS.ATLS) is thus calculated as a weighted average of the different exchange rates in use in the country. Doing so better reflects economic reality and leads to more accurate cross-country comparisons and country classifications by income level. For this country, this applies to the period 1974-1987. Alternative conversion factors are used in the Atlas methodology and elsewhere in World Development Indicators as single-year conversion factors.","Ghana",NA
"85","GIB","Gibraltar",NA,NA,NA,NA,NA,NA,NA,"Europe & Central Asia","High income","The DEC conversion is not reported when national accounts data are unavailable.","Gibraltar",NA
"86","GIN","Guinea",617.35417370367,523.866637197361,488.475709431074,501.482171108637,572.847979010141,591.534972732037,468.535582477966,"Sub-Saharan Africa","Lower middle income","","Guinea",NA
"87","GMB","Gambia, The",583.404665571357,544.620961107601,464.639636150988,379.862417876486,310.957068377345,596.629286497506,618.959813461158,"Sub-Saharan Africa","Low income","","Gambia, The",NA
"88","GNB","Guinea-Bissau",480.214061934004,317.947690957941,328.151291965488,363.05646610899,420.790892535598,432.194470322988,463.702263169306,"Sub-Saharan Africa","Low income","","Guinea-Bissau",NA
"89","GNQ","Equatorial Guinea",948.229598488773,1527.05637771592,2031.41938636331,2395.84511947529,3146.51857534028,5337.61438929676,9502.85881614782,"Sub-Saharan Africa","Upper middle income","","Equatorial Guinea",NA
"90","GRC","Greece",13249.6633239242,12072.9293569196,12549.036894906,14177.5721592705,18518.3788387396,21995.477943746,22560.1472939077,"Europe & Central Asia","High income","A simple multiplier is used to convert the national currencies of EMU members to euros. The following irrevocable euro conversion rate was adopted by the EU Council on January 1, 1999: 1 euro = 340.75 Greek drachma. Please note that historical data before 1999 are not actual euros and are not comparable or suitable for aggregation across countries.","Greece",NA
"91","GRD","Grenada",4512.22461801644,4840.68406406257,4821.78499467448,4992.44140704535,5435.15180621121,5470.60331451653,6308.66504213503,"Latin America & Caribbean","Upper middle income","","Grenada",NA
"92","GRL","Greenland",20170.322763798,19004.0038435698,19275.4339659556,20652.8417042443,27459.8753295461,32023.6820516137,32489.7277309899,"Europe & Central Asia","High income","","Greenland",NA
"93","GTM","Guatemala",1619.51073552531,1664.30774802438,1550.36174652973,1682.99450068936,1737.87928692973,1859.09929915887,2068.48820631493,"Latin America & Caribbean","Upper middle income","The World Bank systematically assesses the appropriateness of official exchange rates as conversion factors. In this country, multiple or dual exchange rate activity exists and must be accounted for appropriately in underlying statistics. An alternative estimate (“alternative conversion factor” - PA.NUS.ATLS) is thus calculated as a weighted average of the different exchange rates in use in the country. Doing so better reflects economic reality and leads to more accurate cross-country comparisons and country classifications by income level. For this country, this applies to the period 1985-2003. Alternative conversion factors are used in the Atlas methodology and elsewhere in World Development Indicators as single-year conversion factors.","Guatemala",NA
"94","GUM","Guam",NA,NA,NA,20878.059583054,21844.110536463,23590.8880271213,25621.845162075,"East Asia & Pacific","High income","","Guam",NA
"95","GUY","Guyana",916.546380750613,938.893297983287,937.29799220975,955.030210470206,976.993263294444,1036.01987731035,1085.78488650781,"Latin America & Caribbean","High income","","Guyana",NA
"96","HIC","High income",21907.6677467848,22305.7744425653,22022.0223359439,22873.3705628119,25549.8377720574,28397.3350901237,29983.358097402,"Other","Other","High income group aggregate. High-income economies are those in which 2023 Atlas GNI per capita was more than $14,005.","High income",NA
"97","HKG","Hong Kong SAR, China",25091.6665997966,25756.7728723704,25230.3780910304,24665.8362318216,23977.1734120477,24928.1003722551,26649.637724155,"East Asia & Pacific","High income","On 1 July 1997 China resumed its exercise of sovereignty over Hong Kong. Unless otherwise noted, data for China do not include data for Hong Kong SAR, China; Macao SAR, China; or Taiwan, China. Agriculture value added includes mining and quarrying.","Hong Kong SAR, China",NA
"98","HND","Honduras",990.297834013789,1079.6056663087,1118.94089428633,1119.42427348911,1142.81134979491,1201.24750461917,1289.82311409217,"Latin America & Caribbean","Lower middle income","The World Bank systematically assesses the appropriateness of official exchange rates as conversion factors. In this country, multiple or dual exchange rate activity exists and must be accounted for appropriately in underlying statistics. An alternative estimate (“alternative conversion factor” - PA.NUS.ATLS) is thus calculated as a weighted average of the different exchange rates in use in the country. Doing so better reflects economic reality and leads to more accurate cross-country comparisons and country classifications by income level. For this country, this applies to the period 1988-1989. Alternative conversion factors are used in the Atlas methodology and elsewhere in World Development Indicators as single-year conversion factors.","Honduras",NA
"99","HPC","Heavily indebted poor countries (HIPC)",362.805195844507,381.752074676408,357.804372623371,377.025502985627,415.222492176067,465.183868434439,518.012209263837,"Other","Other","The Heavily Indebted Poor Countries (HIPC) refer to countries that participated in the HIPC Initiative, launched in 1996 by the IMF and World Bank to reduce external debt burdens of the most heavily indebted poor countries at that time to sustainable levels. To date, the majority of the countries completed the program, receiving 76 billion in debt-service relief over time. For more details, visit https://www.imf.org/en/About/Factsheets/Sheets/2016/08/01/16/11/Debt-Relief-Under-the-Heavily-Indebted-Poor-Countries-Initiative.
Data are aggregates for HIPC.","Heavily indebted poor countries (HIPC)",NA
"100","HRV","Croatia",5267.63052114736,4952.30952351574,5363.8329043777,6219.64373374481,8192.60925044031,9723.36467607949,10446.4419618242,"Europe & Central Asia","High income","A simple multiplier is used to convert the national currencies of EMU members to euros. The following irrevocable euro conversion rate entered into force on January 1, 2023: 1 euro = 7.53450 Croatian kuna. Please note that historical data are not actual euros and are not comparable or suitable for aggregation across countries.","Croatia",NA
"101","HTI","Haiti",506.000211700976,814.99793353259,743.911262708374,716.482624884184,575.556830100914,679.280048694687,771.534996031225,"Latin America & Caribbean","Lower middle income","The reporting period for national accounts data is designated as either calendar year basis (CY) or fiscal year basis (FY). For this country, it is fiscal year-based (fiscal year-end: September 30). Also, an estimate (PA.NUS.ATLS) of the exchange rate covers the same period and thus differs from the official exchange rate (CY).","Haiti",NA
"102","HUN","Hungary",4793.47852203763,4624.28165670295,5276.03318905496,6655.33300865319,8419.43087098103,10301.7033946743,11223.3993032598,"Europe & Central Asia","High income","","Hungary",NA
"103","IBD","IBRD only",1372.9118833311,1475.92926790233,1478.96690806618,1484.08656294312,1648.56448532052,1942.24364987665,2295.24768284098,"Other","Other","IBRD only group aggregate.","IBRD only",NA
"104","IBT","IDA & IBRD total",1165.16747599702,1254.44797538522,1250.86998542353,1257.50147267374,1393.1554006921,1634.06269331334,1920.82909999129,"Other","Other","IDA and IBRD total group aggregate (includes IDA only, IDA blend, and IBRD only).","IDA & IBRD total",NA
"105","IDA","IDA total",414.41018757324,464.350274693636,447.393139560677,470.377680059228,517.684383767138,591.03044266377,669.467365472914,"Other","Other","IDA total group aggregate (includes IDA only and IDA blend).","IDA total",NA
"106","IDB","IDA blend",507.301417216225,609.37774130123,591.78711625013,633.815604344756,698.756795774678,827.678948615697,956.861108873978,"Other","Other","IDA blend group aggregate.","IDA blend",NA
"107","IDN","Indonesia",663.523229868446,770.865351580294,739.003946535355,888.901389665655,1052.41319921916,1136.75521127965,1249.39769359418,"East Asia & Pacific","Upper middle income","Fiscal year end: March 31; reporting period for national accounts data: CY. Data for Indonesia include Timor-Leste through 1999 unless otherwise noted.","Indonesia",NA
"108","IDX","IDA only",369.577672361741,392.534896160913,375.498830068647,388.785456186421,427.406736048871,472.523870928571,525.282050791612,"Other","Other","IDA only group aggregate.","IDA only",NA
"109","IMN","Isle of Man",20991.6231008789,20693.8381675417,21716.9460422835,25230.0755574049,29877.9587606731,35872.72612288,38184.3609765056,"Europe & Central Asia","High income","Classification for years after 2012 was adjusted and figures were re-estimated by the World Bank, based on the detailed data published by the Cabinet Office, and are not consistent with data for 2011 and before.","Isle of Man",NA
"110","IND","India",440.962065164669,442.03533042158,449.910313665362,468.845513103988,543.845053399477,624.108803038152,710.511222493062,"South Asia","Lower middle income","The reporting period for national accounts data is designated as either calendar year basis (CY) or fiscal year basis (FY). For this country, it is fiscal year-based (fiscal year-end: March 31). Also, an estimate (PA.NUS.ATLS) of the exchange rate covers the same period and thus differs from the official exchange rate (CY).","India",NA
"111","IRL","Ireland",26338.1077543817,26334.5672050501,28282.409882073,32705.4345565698,41203.5295847568,47754.2023194244,50933.0216095589,"Europe & Central Asia","High income","A simple multiplier is used to convert the national currencies of EMU members to euros. The following irrevocable euro conversion rate was adopted by the EU Council on January 1, 1999: 1 euro = 0.787564 Irish pound. Please note that historical data before 1999 are not actual euros and are not comparable or suitable for aggregation across countries.","Ireland",NA
"112","IRN","Iran, Islamic Rep.",1765.78364270671,1672.02287649013,1902.94763906684,1910.4771336696,2259.51631977961,2751.79304173638,3226.61397063388,"Middle East & North Africa","Upper middle income","The reporting period for national accounts data is designated as either calendar year basis (CY) or fiscal year basis (FY). For this country, it is fiscal year-based (fiscal year-end: March 20).  

The World Bank systematically assesses the appropriateness of official exchange rates as conversion factors. In this country, multiple or dual exchange rate activity exists and must be accounted for appropriately in underlying statistics. An alternative estimate (“alternative conversion factor” - PA.NUS.ATLS) is thus calculated as a weighted average of the different exchange rates in use in the country. Doing so better reflects economic reality and leads to more accurate cross-country comparisons and country classifications by income level. For this country, this applies to 1972-2023. Alternative conversion factors are used in the Atlas methodology and elsewhere in World Development Indicators as single-year conversion factors.","Iran, Islamic Rep.",NA
"113","IRQ","Iraq",1548.2982843358,1963.72283862715,1422.83133890376,1254.16204512828,809.845684048259,1314.96958425703,1744.50872617768,"Middle East & North Africa","Upper middle income","","Iraq",NA
"114","ISL","Iceland",32381.6252356488,32096.3722613695,28897.4439396908,32409.2161491753,39476.6978486684,47334.9306537723,56794.8501588953,"Europe & Central Asia","High income","","Iceland",NA
"115","ISR","Israel",19742.5203936202,21630.7476087887,20909.430361637,19035.1024144493,19627.1754936631,20557.0786270029,21223.9355901939,"Middle East & North Africa","High income","","Israel",NA
"116","ITA","Italy",22005.0545405773,20137.5912217673,20500.9543995672,22376.2978989329,27526.3224609957,31317.2007943296,32055.0920757503,"Europe & Central Asia","High income","A simple multiplier is used to convert the national currencies of EMU members to euros. The following irrevocable euro conversion rate was adopted by the EU Council on January 1, 1999: 1 euro = 1936.27 Italian lira. Please note that historical data before 1999 are not actual euros and are not comparable or suitable for aggregation across countries.","Italy",NA
"117","JAM","Jamaica",3423.00861403231,3447.30389648976,3502.21311800396,3683.89333770788,3557.20059086002,3819.28423090316,4200.38895442653,"Latin America & Caribbean","Upper middle income","","Jamaica",NA
"118","JOR","Jordan",1646.19266238886,1673.35812510644,1738.38383765832,1816.40649289574,1889.4378392036,2062.69597047352,2216.9451815491,"Middle East & North Africa","Lower middle income","","Jordan",NA
"119","JPN","Japan",36610.1683163197,39169.3595701504,34406.1824638092,32820.7936433254,35387.0374203599,38298.9801712303,37812.8950199948,"East Asia & Pacific","High income","Fiscal year end: March 31; reporting period for national accounts data: CY.","Japan",NA
"120","KAZ","Kazakhstan",1130.1175320085,1229.00096132728,1490.92675457119,1658.03114240952,2068.12352309089,2874.28848272999,3771.27895733845,"Europe & Central Asia","Upper middle income","","Kazakhstan",NA
"121","KEN","Kenya",430.367259869666,411.821352113869,408.36060874809,401.092370099667,441.391411736172,462.61821577443,522.776840246892,"Sub-Saharan Africa","Lower middle income","Fiscal year end: June 30; reporting period for national accounts data: CY.","Kenya",NA
"122","KGZ","Kyrgyz Republic",258.049228785755,279.619569260939,308.409611591149,321.727033227846,380.506432394744,433.234976590867,476.551885951653,"Europe & Central Asia","Lower middle income","","Kyrgyz Republic",NA
"123","KHM","Cambodia",295.591285293477,301.516598526092,322.899863859665,341.036765772756,364.275301701492,410.086132917873,475.069394255055,"East Asia & Pacific","Lower middle income","The World Bank systematically assesses the appropriateness of official exchange rates as conversion factors. In this country, multiple or dual exchange rate activity exists and must be accounted for appropriately in underlying statistics. An alternative estimate (“alternative conversion factor” - PA.NUS.ATLS) is thus calculated as a weighted average of the different exchange rates in use in the country. Doing so better reflects economic reality and leads to more accurate cross-country comparisons and country classifications by income level. For this country, this applies to the period 1963-2004. Alternative conversion factors are used in the Atlas methodology and elsewhere in World Development Indicators as single-year conversion factors.","Cambodia",NA
"124","KIR","Kiribati",886.960010056441,841.984434567393,719.850116091344,811.440028679536,1017.84268580722,1085.28857635169,1159.14421873255,"East Asia & Pacific","Lower middle income","","Kiribati",NA
"125","KNA","St. Kitts and Nevis",9070.73027045761,9275.98974602226,9973.5534513591,10398.5252825083,10119.7447797779,10882.3529411765,11711.1547074094,"Latin America & Caribbean","High income","","St. Kitts and Nevis",NA
"126","KOR","Korea, Rep.",10672.4475586765,12257.0206622345,11561.2071745115,13165.08362497,14672.8057539465,16496.1316167114,19402.5026259549,"East Asia & Pacific","High income","","Korea, Rep.",NA
"127","KWT","Kuwait",16044.4937935013,19493.8880490915,17517.7061456004,18626.774923183,22781.082819458,27601.4000590722,36144.9949458716,"Middle East & North Africa","High income","","Kuwait",NA
"128","LAC","Latin America & Caribbean (excluding high income)",3924.4910717686,4275.55571556494,4109.86709252884,3650.29203144043,3678.46294839029,4137.70104563276,4940.24721578796,"Other","Other","","Latin America & Caribbean (excluding high income)",NA
"129","LAO","Lao PDR",272.36243261299,318.770922812242,320.419011071869,313.618440530675,355.651483553824,410.251318982826,467.379592708984,"East Asia & Pacific","Lower middle income","The World Bank systematically assesses the appropriateness of official exchange rates as conversion factors. In this country, multiple or dual exchange rate activity exists and must be accounted for appropriately in underlying statistics. An alternative estimate (“alternative conversion factor” - PA.NUS.ATLS) is thus calculated as a weighted average of the different exchange rates in use in the country. Doing so better reflects economic reality and leads to more accurate cross-country comparisons and country classifications by income level. For this country, this applies to the period 1960-2020. Alternative conversion factors are used in the Atlas methodology and elsewhere in World Development Indicators as single-year conversion factors.","Lao PDR",NA
"130","LBN","Lebanon",4091.99400690503,3994.86114388889,4021.17726323273,4307.10082699491,4458.1085803754,4625.30424673265,4630.00921353301,"Middle East & North Africa","Lower middle income","The World Bank systematically assesses the appropriateness of official exchange rates as conversion factors. In this country, multiple or dual exchange rate activity exists and must be accounted for appropriately in underlying statistics. An alternative estimate (“alternative conversion factor” - PA.NUS.ATLS) is thus calculated as a weighted average of the different exchange rates in use in the country. Doing so better reflects economic reality and leads to more accurate cross-country comparisons and country classifications by income level. For this country, this applies to the period 1984-2023. Alternative conversion factors are used in the Atlas methodology and elsewhere in World Development Indicators as single-year conversion factors.","Lebanon",NA
"131","LBR","Liberia",158.365842301603,301.87646966176,303.858805600124,302.881886846333,242.449937167219,287.274691932321,290.541214909265,"Sub-Saharan Africa","Low income","National accounts data are provided in the US dollar.","Liberia",NA
"132","LBY","Libya",7112.6680669143,7424.34786637531,6465.62491276472,3789.20526972462,4738.8284754506,5823.63794340523,8108.05151665187,"Middle East & North Africa","Upper middle income","","Libya",NA
"133","LCA","St. Lucia",5825.06730772831,5846.97550214791,5558.06937116326,5562.45712272635,6055.96795652424,6494.60034867886,6866.09238723686,"Latin America & Caribbean","Upper middle income","","St. Lucia",NA
"134","LCN","Latin America & Caribbean",4101.96435011217,4462.41334658128,4315.69810954141,3828.16783130021,3850.3497979436,4371.97791660962,5212.20563985514,"Other","Other","","Latin America & Caribbean",NA
"135","LDC","Least developed countries: UN classification",305.703299906189,338.993566230476,317.916464991167,338.810412849552,373.723000278886,418.829979041157,481.692154951142,"Other","Other","","Least developed countries: UN classification",NA
"136","LIC","Low income",270.364064977386,323.864926416695,296.285746421033,316.296578760969,342.699394021664,389.414635907034,451.97866525843,"Other","Other","Low income group aggregate. Low-income economies are those in which 2023 Atlas GNI per capita was $1,145 or less.","Low income",NA
"137","LIE","Liechtenstein",81683.4555017209,75210.1331775911,74658.453942256,79797.5468904958,90317.7368065187,100710.606348234,105751.498912828,"Europe & Central Asia","High income","","Liechtenstein",NA
"138","LKA","Sri Lanka",838.56364273768,869.753488572239,832.427319625871,865.302139114132,978.168645643624,1060.1369431645,1240.51831220036,"South Asia","Lower middle income","","Sri Lanka",NA
"139","LMC","Lower middle income",541.611517393379,560.570317776304,555.345989895132,574.838930007248,640.084475765607,722.94728263045,818.202436125664,"Other","Other","Lower middle income group aggregate. Lower-middle-income economies are those in which Atlas 2023 GNI per capita was between $1,146 and $4,515.","Lower middle income",NA
"140","LMY","Low & middle income",1091.05236426103,1168.03644950955,1151.67467468713,1156.04738836793,1274.82028214232,1473.77303687265,1715.40943075704,"Other","Other","Low and middle-income group aggregate. Low and middle-income economies are those in which Atlas 2023 GNI per capita was less than $14,005.","Low & middle income",NA
"141","LSO","Lesotho",457.704342475136,443.949949675926,412.962296184389,388.367476377443,580.937283828998,761.181038791723,850.775315507556,"Sub-Saharan Africa","Lower middle income","Fiscal year end: March 31; reporting period for national accounts data: CY.","Lesotho",NA
"142","LTE","Late-demographic dividend",1529.7226581533,1666.79866381007,1710.62028698951,1801.22867468941,2039.1613717676,2435.18894976851,2918.81961764258,"Other","Other","Late-dividend countries are mostly upper middle-income countries. Fertility rates are typically above replacement levels of 2.1 births per woman but continue to decline with shrinking working-age shares and rapid aging.","Late-demographic dividend",NA
"143","LTU","Lithuania",3113.17906019859,3293.22997867086,3525.79363185461,4141.59270180102,5499.42898911387,6700.32719189382,7854.76527867855,"Europe & Central Asia","High income","A simple multiplier is used to convert the national currencies of EMU members to euros. The following irrevocable euro conversion rate entered into force on January 1, 2015: 1 euro = 3.45280 Lithuanian litas. Please note that historical data are not actual euros and are not comparable or suitable for aggregation across countries.","Lithuania",NA
"144","LUX","Luxembourg",50872.4492684624,48659.5988753233,48440.1420151355,53005.7339209179,65689.3214536911,76544.9170868473,80988.1376230858,"Europe & Central Asia","High income","A simple multiplier is used to convert the national currencies of EMU members to euros. The following irrevocable euro conversion rate was adopted by the EU Council on January 1, 1999: 1 euro = 40.3399 Luxembourg franc. Please note that historical data before 1999 are not actual euros and are not comparable or suitable for aggregation across countries.","Luxembourg",NA
"145","LVA","Latvia",3151.57701817354,3361.64086880275,3578.00190041351,4136.93329688951,5145.19523190241,6378.66652057115,7594.90238431362,"Europe & Central Asia","High income","A simple multiplier is used to convert the national currencies of EMU members to euros. The following irrevocable euro conversion rate entered into force on January 1, 2014: 1 euro = 0.702804 Latvian lats. Please note that historical data are not actual euros and are not comparable or suitable for aggregation across countries. Based on data from EUROSTAT, the new reference year is 2010.","Latvia",NA
"146","MAC","Macao SAR, China",15387.5287044496,15684.7795496765,15622.7030493852,16393.7437301859,17828.9539685654,22381.9231911914,24886.5805921909,"East Asia & Pacific","High income","On 20 December 1999 China resumed its exercise of sovereignty over Macao. Unless otherwise noted, data for China do not include data for Hong Kong SAR, China; Macao SAR, China; or Taiwan, China.","Macao SAR, China",NA
"147","MAF","St. Martin (French part)",NA,NA,NA,NA,NA,NA,NA,"Latin America & Caribbean","High income","","St. Martin (French part)",NA
"148","MAR","Morocco",1627.13513183594,1492.37707519531,1500.36340332031,1590.4873046875,1936.09020996094,2177.798828125,2237.576171875,"Middle East & North Africa","Lower middle income","","Morocco",NA
"149","MCO","Monaco",89742.5029689929,81763.8276688413,82410.4004966217,90151.5464032213,111309.869748198,125435.894305312,130818.981946144,"Europe & Central Asia","High income","","Monaco",NA
"150","MDA","Moldova",399.499818596336,440.538683980372,507.404076252819,570.799866188293,682.319095965299,897.178494749468,1034.39197746993,"Europe & Central Asia","Upper middle income","Excluding Transnistria. For 1950-94, World Bank estimates using UN World Population Prospects' growth rates of whole Moldova.","Moldova",NA
"151","MDG","Madagascar",271.942982247426,285.466463233818,325.460301083713,310.92971094405,359.534384676518,277.50782658828,311.793126649035,"Sub-Saharan Africa","Low income","","Madagascar",NA
"152","MDV","Maldives",2118.72149469412,2209.98823138762,3028.05083041721,3069.03987217911,3539.80154726538,4060.53440515002,3789.23202385528,"South Asia","Upper middle income","","Maldives",NA
"153","MEA","Middle East & North Africa",2817.33282664761,3091.71332687187,3013.45474658063,2932.63334448298,3205.26252298537,3706.47591300877,4350.51077618075,"Other","Other","Middle East and North Africa regional aggregate (includes all income levels).","Middle East & North Africa",NA
"154","MEX","Mexico",6552.6610754969,7581.84564147003,8009.15833972447,8032.99212058539,7473.93237356934,7883.5231908285,8702.11448264527,"Latin America & Caribbean","Upper middle income","","Mexico",NA
"155","MHL","Marshall Islands",2105.5849167932,2117.85317311493,2249.57506349012,2421.4616888632,2406.33620839201,2439.45723998159,2536.30885821284,"East Asia & Pacific","Upper middle income","Fiscal year ends on September 30; reporting period for national accounts data: FY.","Marshall Islands",NA
"156","MIC","Middle income",1160.28767515996,1240.46053710578,1225.80366819004,1230.15664272388,1358.46428858298,1572.57032211881,1832.38390487173,"Other","Other","Middle income group aggregate. Middle-income economies are those in which 2023 Atlas GNI per capita was between $1,146 and $14,005.","Middle income",NA
"157","MKD","North Macedonia",1915.39281060996,1861.89899780644,1823.02267682636,1989.13537265159,2445.36286400013,2818.5814561242,3120.98401394233,"Europe & Central Asia","Upper middle income","","North Macedonia",NA
"158","MLI","Mali",315.171467966736,263.498384244829,299.412175316254,326.966659054935,381.948546279227,427.717319974613,473.995046803835,"Sub-Saharan Africa","Low income","","Mali",NA
"159","MLT","Malta",10633.603104905,10432.328062168,10402.2333313615,11289.8897447166,13669.4972171661,15197.056610121,15888.1724565995,"Middle East & North Africa","High income","A simple multiplier is used to convert the national currencies of EMU members to euros. The following irrevocable euro conversion rate entered into force on January 1, 2008: 1 euro = 0.4293 Maltese lira. Please note that historical data are not actual euros and are not comparable or suitable for aggregation across countries. National accounts data source from 1995 to 2015 is Eurostat; prior to 1995 is UN.","Malta",NA
"160","MMR","Myanmar",188.421948103417,195.550995666386,140.776163930913,145.817533865002,223.063775892621,223.229846970577,251.170356995896,"East Asia & Pacific","Lower middle income","The reporting period for national accounts data is designated as either calendar year basis (CY) or fiscal year basis (FY). For this country, it is fiscal year-based (fiscal year-end: September 30). Also, an estimate (PA.NUS.ATLS) of the exchange rate covers the same period and thus differs from the official exchange rate (CY). 	  

In addition, the World Bank systematically assesses the appropriateness of official exchange rates as conversion factors. In this country, multiple or dual exchange rate activity exists and must be accounted for appropriately in underlying statistics. An alternative estimate (“alternative conversion factor” - PA.NUS.ATLS) is thus calculated as a weighted average of the different exchange rates in use in the country. Doing so better reflects economic reality and leads to more accurate cross-country comparisons and country classifications by income level. For this country, this applies to the period 1960-2014. Alternative conversion factors are used in the Atlas methodology and elsewhere in World Development Indicators as single-year conversion factors.","Myanmar",NA
"161","MNA","Middle East & North Africa (excluding high income)",1613.49853400913,1671.54167492551,1659.34773906881,1571.03364137932,1697.61843056516,1976.13080894613,2266.83282091236,"Other","Other","","Middle East & North Africa (excluding high income)",NA
"162","MNE","Montenegro",1367.90257335097,1627.06511911987,1909.59870186179,2106.6350684523,2789.15906483509,3380.16512135859,3674.6179242797,"Europe & Central Asia","Upper middle income","Montenegro declared independence from Serbia and Montenegro on June 3, 2006. Where available, data for each country are shown separately. However, for Serbia, some indicators continue to include data for Montenegro through 2005.","Montenegro",NA
"163","MNG","Mongolia",435.418494422327,463.853881903101,512.819469988285,559.827709012681,633.946559636492,784.912071951003,986.018040837747,"East Asia & Pacific","Upper middle income","The World Bank systematically assesses the appropriateness of official exchange rates as conversion factors. In this country, multiple or dual exchange rate activity exists and must be accounted for appropriately in underlying statistics. An alternative estimate (“alternative conversion factor” - PA.NUS.ATLS) is thus calculated as a weighted average of the different exchange rates in use in the country. Doing so better reflects economic reality and leads to more accurate cross-country comparisons and country classifications by income level. For this country, this applies to the period 1991-2004. Alternative conversion factors are used in the Atlas methodology and elsewhere in World Development Indicators as single-year conversion factors.","Mongolia",NA
"164","MNP","Northern Mariana Islands",NA,NA,NA,16640.3151810477,16603.4600592311,16829.3972015911,15371.2423035132,"East Asia & Pacific","High income","","Northern Mariana Islands",NA
"165","MOZ","Mozambique",362.513466383985,333.775138348215,310.095062515845,318.308992526757,343.128747081482,403.020713102699,438.793472737165,"Sub-Saharan Africa","Low income","","Mozambique",NA
"166","MRT","Mauritania",757.809066486217,660.303861060692,632.214141751138,629.781901660249,711.382482153206,801.778683129563,974.657585946703,"Sub-Saharan Africa","Lower middle income","National account data were adjusted to reflect the new banknote (1 new ouguiya = 10 old ouguiya)","Mauritania",NA
"167","MUS","Mauritius",3745.69625069831,3981.98343249582,3908.55694927435,4073.06053055903,4858.26575549747,5460.60800184198,5354.02974260642,"Sub-Saharan Africa","Upper middle income","","Mauritius",NA
"168","MWI","Malawi",235.510232049482,225.952456739454,217.240473296394,431.696660975605,386.317242013575,407.588990013244,417.102263364075,"Sub-Saharan Africa","Low income","","Malawi",NA
"169","MYS","Malaysia",3538.36299288587,4087.56259349384,3941.12266621369,4177.10494176499,4454.52676383656,4924.33811126582,5536.83748306949,"East Asia & Pacific","Upper middle income","","Malaysia",NA
"170","NAC","North America",33320.9142526674,35151.3423951503,35831.3822545067,36651.9146706158,38395.4332650274,40788.3342265894,43368.3808064534,"Other","Other","North America regional aggregate. There are no economies in North America classified as low or middle income.","North America",NA
"171","NAM","Namibia",2175.44945494523,2156.09024524858,1916.2558622279,1773.43155446127,2571.98239738661,3407.85064848415,3692.75260281301,"Sub-Saharan Africa","Upper middle income","Fiscal year end: March 31; reporting period for national accounts data: CY.","Namibia",NA
"172","NCL","New Caledonia",17435.7454558926,16039.169165098,15174.2784558844,16885.8943867434,21817.3151192465,25770.5310511611,26861.698544729,"East Asia & Pacific","High income","","New Caledonia",NA
"173","NER","Niger",225.953508013329,192.877725789359,203.52648886842,223.352392861667,263.091231815682,281.325360212044,316.365647620285,"Sub-Saharan Africa","Low income","","Niger",NA
"174","NGA","Nigeria",494.129227253689,563.047086217561,583.085838768235,733.537888694616,786.802214827723,992.74539908679,1250.40691277354,"Sub-Saharan Africa","Lower middle income","The World Bank systematically assesses the appropriateness of official exchange rates as conversion factors. In this country, multiple or dual exchange rate activity exists and must be accounted for appropriately in underlying statistics. An alternative estimate (“alternative conversion factor” - PA.NUS.ATLS) is thus calculated as a weighted average of the different exchange rates in use in the country. Doing so better reflects economic reality and leads to more accurate cross-country comparisons and country classifications by income level. For this country, this applies to 1970-2020. Alternative conversion factors are used in the Atlas methodology and elsewhere in World Development Indicators as single-year conversion factors.","Nigeria",NA
"175","NIC","Nicaragua",961.608517849011,997.337969617267,1030.62046409577,993.293498076813,999.846235489936,1075.51245505331,1158.88336804158,"Latin America & Caribbean","Lower middle income","The World Bank systematically assesses the appropriateness of official exchange rates as conversion factors. In this country, multiple or dual exchange rate activity exists and must be accounted for appropriately in underlying statistics. An alternative estimate (“alternative conversion factor” - PA.NUS.ATLS) is thus calculated as a weighted average of the different exchange rates in use in the country. Doing so better reflects economic reality and leads to more accurate cross-country comparisons and country classifications by income level. For this country, this applies to the period 1988-2006. Alternative conversion factors are used in the Atlas methodology and elsewhere in World Development Indicators as single-year conversion factors.","Nicaragua",NA
"176","NLD","Netherlands",28272.6432492539,26214.498549887,26896.5481111196,29343.2449960602,35750.9746630269,40436.6182310407,41994.7135305232,"Europe & Central Asia","High income","A simple multiplier is used to convert the national currencies of EMU members to euros. The following irrevocable euro conversion rate was adopted by the EU Council on January 1, 1999: 1 euro = 2.20371 Netherlands guilder. Please note that historical data before 1999 are not actual euros and are not comparable or suitable for aggregation across countries.","Netherlands",NA
"177","NOR","Norway",36393.2927471088,38178.2368777076,38601.897639231,43170.557174499,50250.3298214345,57768.6980958462,67047.1704558264,"Europe & Central Asia","High income","","Norway",NA
"178","NPL","Nepal",208.491473758215,223.711891850609,240.705159164552,238.861254119722,246.48583783973,279.724200317908,309.310418632817,"South Asia","Lower middle income","The reporting period for national accounts data is designated as either calendar year basis (CY) or fiscal year basis (FY). For this country, it is fiscal year-based (fiscal year-end: July 14). Also, an estimate (PA.NUS.ATLS) of the exchange rate covers the same period and thus differs from the official exchange rate (CY).","Nepal",NA
"179","NRU","Nauru",2632.05360763712,2595.25685100705,2182.11787502725,2030.47276670894,2395.41372589559,2959.60965639414,2914.38903520579,"East Asia & Pacific","High income","The reporting period for national accounts data is designated as either calendar year basis (CY) or fiscal year basis (FY). For this country, it is fiscal year-based (fiscal year-end: June 30). Also, an estimate (PA.NUS.ATLS) of the exchange rate covers the same period and thus differs from the official exchange rate (CY).","Nauru",NA
"180","NZL","New Zealand",15322.2238340267,13641.1027183822,13882.8568268586,16874.1874918196,21913.7081719961,25420.234882944,27751.0654708859,"East Asia & Pacific","High income","Fiscal year end: March 31; reporting period for national accounts data: CY.","New Zealand",NA
"181","OED","OECD members",22719.7304026782,23054.5650017401,22671.4764164561,23474.8959535322,26058.9254513634,28798.2122722164,30228.6560801254,"Other","Other","","OECD members",NA
"182","OMN","Oman",6742.82460298065,8321.39386651557,8191.51283162468,8380.03895178727,8896.90253020963,10030.4444262065,12357.7013911873,"Middle East & North Africa","High income","","Oman",NA
"183","OSS","Other small states",5048.99716813168,5264.05380098666,5211.92777223808,5609.1999323818,6803.87874030252,7955.9072169405,8859.0323789405,"Other","Other","Other small states aggregate.","Other small states",NA
"184","PAK","Pakistan",420.682610613286,644.457156981743,610.143231600736,599.789410758775,673.382966037094,774.785335734991,832.751137517234,"South Asia","Lower middle income","The reporting period for national accounts data is designated as either calendar year basis (CY) or fiscal year basis (FY). For this country, it is fiscal year-based (fiscal year-end: June 30). Also, an estimate (PA.NUS.ATLS) of the exchange rate covers the same period and thus differs from the official exchange rate (CY).","Pakistan",NA
"185","PAN","Panama",4121.56221968523,4099.00653989315,4084.2585357057,4163.52195937827,4304.10697986678,4629.02931602921,4953.12997978141,"Latin America & Caribbean","High income","","Panama",NA
"186","PER","Peru",1911.73501688306,1941.318259717,1925.97942030475,2003.97108061855,2126.13782387391,2393.66589710452,2702.23770075461,"Latin America & Caribbean","Upper middle income","The World Bank systematically assesses the appropriateness of official exchange rates as conversion factors. In this country, multiple or dual exchange rate activity exists and must be accounted for appropriately in underlying statistics. An alternative estimate (“alternative conversion factor” - PA.NUS.ATLS) is thus calculated as a weighted average of the different exchange rates in use in the country. Doing so better reflects economic reality and leads to more accurate cross-country comparisons and country classifications by income level. For this country, this applies to the period 1988-2009. Alternative conversion factors are used in the Atlas methodology and elsewhere in World Development Indicators as single-year conversion factors.","Peru",NA
"187","PHL","Philippines",1123.16357149152,1073.26443619332,991.147982051369,1037.17478776606,1049.38649463156,1122.85552182107,1245.2865836997,"East Asia & Pacific","Lower middle income","","Philippines",NA
"188","PLW","Palau",7440.99587203302,7580.646235259,8041.83510539273,8194.3248502614,7774.641624159,8358.44455649435,9633.8258725685,"East Asia & Pacific","High income","Fiscal year ends on September 30; reporting period for national accounts data: FY.","Palau",NA
"189","PNG","Papua New Guinea",653.408134121648,639.279199918609,540.673889592354,509.030491857518,580.59816717438,624.03532132549,748.735073405033,"East Asia & Pacific","Lower middle income","","Papua New Guinea",NA
"190","POL","Poland",4398.07217426732,4501.47996121234,4991.24435799511,5207.129304207,5701.63886301914,6681.30975087388,8021.54789037388,"Europe & Central Asia","High income","","Poland",NA
"191","PRE","Pre-demographic dividend",455.245290859775,511.206946775409,471.921550579892,526.786772223347,556.734299389605,673.668099068956,814.933396724487,"Other","Other","Pre-dividend countries are mostly low-income countries, lagging in key human development indicators and with current fertility levels above four births per woman. They face very rapid population growth.","Pre-demographic dividend",NA
"192","PRI","Puerto Rico",15220.9913420267,16192.1269719638,18123.1987019918,18731.4593897378,19557.1202492358,20988.9923326534,21959.322696986,"Latin America & Caribbean","High income","Fiscal year end: June 30; reporting period for national accounts data: FY.","Puerto Rico",NA
"193","PRK","Korea, Dem. People's Rep.",NA,NA,NA,NA,NA,NA,NA,"East Asia & Pacific","Low income","","Korea, Dem. People's Rep.",NA
"194","PRT","Portugal",12475.2917701476,11526.3720667968,11734.7649743954,12936.6928204482,15797.7821340276,18064.1580932987,18780.12751241,"Europe & Central Asia","High income","A simple multiplier is used to convert the national currencies of EMU members to euros. The following irrevocable euro conversion rate was adopted by the EU Council on January 1, 1999: 1 euro = 200.482 Portuguese escudo. Please note that historical data before 1999 are not actual euros and are not comparable or suitable for aggregation across countries.","Portugal",NA
"195","PRY","Paraguay",1758.26019288757,1728.34074341006,1630.1908460827,1361.24928059287,1436.76490433294,1776.93225816866,1960.51476554933,"Latin America & Caribbean","Upper middle income","The World Bank systematically assesses the appropriateness of official exchange rates as conversion factors. In this country, multiple or dual exchange rate activity exists and must be accounted for appropriately in underlying statistics. An alternative estimate (“alternative conversion factor” - PA.NUS.ATLS) is thus calculated as a weighted average of the different exchange rates in use in the country. Doing so better reflects economic reality and leads to more accurate cross-country comparisons and country classifications by income level. For this country, this applies to the period 1982-1988. Alternative conversion factors are used in the Atlas methodology and elsewhere in World Development Indicators as single-year conversion factors.","Paraguay",NA
"196","PSE","West Bank and Gaza",1499.49217657019,1476.17185000238,1335.55319529359,1156.21747345769,1257.69857009689,1422.19088643544,1543.70141392774,"Middle East & North Africa","Lower middle income","National accounts data are provided in the US dollar.","West Bank and Gaza",NA
"197","PSS","Pacific island small states",1866.26215456587,1693.89891933701,1643.20467377509,1700.27355324465,2000.6615921258,2272.32236295572,2491.13767368318,"Other","Other","Pacific island small states aggregate.","Pacific island small states",NA
"198","PST","Post-demographic dividend",25544.1436054268,25861.0825021935,25489.16767669,26453.260158972,29510.1260327829,32625.0866461486,34154.5082771882,"Other","Other","Post-dividend countries are mostly high-income countries where fertility has transitioned below replacement levels.","Post-demographic dividend",NA
"199","PYF","French Polynesia",15847.9302982406,14346.1862627122,14012.2429663032,15302.3518545028,18724.4915199154,20829.0657125084,21047.1929998618,"East Asia & Pacific","High income","","French Polynesia",NA
"200","QAT","Qatar",20207.2255889136,27494.7713320186,25836.2707926738,27151.032498866,31440.2207124561,40792.2764702117,52468.4456475056,"Middle East & North Africa","High income","","Qatar",NA
"201","ROU","Romania",1599.90622808339,1659.92904910528,1825.19299373184,2119.85509684554,2679.40626016154,3494.99056448955,4618.00350802913,"Europe & Central Asia","High income","The World Bank systematically assesses the appropriateness of official exchange rates as conversion factors. In this country, multiple or dual exchange rate activity exists and must be accounted for appropriately in underlying statistics. An alternative estimate (“alternative conversion factor” - PA.NUS.ATLS) is thus calculated as a weighted average of the different exchange rates in use in the country. Doing so better reflects economic reality and leads to more accurate cross-country comparisons and country classifications by income level. For this country, this applies to the period 1987-1992. Alternative conversion factors are used in the Atlas methodology and elsewhere in World Development Indicators as single-year conversion factors.","Romania",NA
"202","RUS","Russian Federation",1330.75720214844,1771.59411621094,2100.3525390625,2377.52954101563,2975.123046875,4102.36474609375,5323.455078125,"Europe & Central Asia","High income","","Russian Federation",NA
"203","RWA","Rwanda",269.315854428569,255.097412853064,239.13112852343,234.822310918022,249.56108099887,270.306565251175,325.030205639805,"Sub-Saharan Africa","Low income","","Rwanda",NA
"204","SAS","South Asia",433.3692098263,460.345954801747,461.902531766085,475.665286240473,544.978929448383,621.230452025644,698.018931747523,"Other","Other","","South Asia",NA
"205","SAU","Saudi Arabia",7697.27195331417,8795.26166896934,8337.3264488897,8380.95692744295,9321.80724676438,10935.0111087595,13462.7593043046,"Middle East & North Africa","High income","","Saudi Arabia",NA
"206","SDN","Sudan",339.281036376953,378.157501220703,471.372772216797,529.451965332031,607.00634765625,737.122802734375,945.689697265625,"Sub-Saharan Africa","Low income","The World Bank systematically assesses the appropriateness of official exchange rates as conversion factors. In this country, multiple or dual exchange rate activity exists and must be accounted for appropriately in underlying statistics. An alternative estimate (“alternative conversion factor” - PA.NUS.ATLS) is thus calculated as a weighted average of the different exchange rates in use in the country. Doing so better reflects economic reality and leads to more accurate cross-country comparisons and country classifications by income level. For this country, this applies to the period 2018-2020. Alternative conversion factors are used in the Atlas methodology and elsewhere in World Development Indicators as single-year conversion factors.","Sudan",NA
"207","SEN","Senegal",695.552082869173,619.642123524918,654.840727365959,688.187479533694,840.358254037001,941.873792468596,1003.18719302616,"Sub-Saharan Africa","Lower middle income","","Senegal",NA
"208","SGP","Singapore",21796.6373891001,23852.8389514753,21699.7414868907,22159.8373710639,23730.3840054566,27608.080013423,29961.3172812732,"East Asia & Pacific","High income","Fiscal year end: March 31; reporting period for national accounts data: CY.","Singapore",NA
"209","SLB","Solomon Islands",1164.10008460617,976.428268952486,929.866490264359,768.49485066385,905.582164123425,991.98855103909,1145.86655410897,"East Asia & Pacific","Lower middle income","","Solomon Islands",NA
"210","SLE","Sierra Leone",149.578341902359,138.713941615327,221.2950856188,240.507519306305,255.972618578875,258.473168803963,286.28590628988,"Sub-Saharan Africa","Low income","","Sierra Leone",NA
"211","SLV","El Salvador",1904.87490234395,1977.84061443838,2051.15877420114,2106.73946874831,2197.48200095937,2273.95550275819,2434.32353117029,"Latin America & Caribbean","Upper middle income","","El Salvador",NA
"212","SMR","San Marino",42004.9484008147,37473.7869829611,39415.1629432165,41770.1466183714,51198.4252583966,59249.6476815729,60520.7920361111,"Europe & Central Asia","High income","","San Marino",NA
"213","SOM","Somalia",363.260678172138,391.310112486964,248.364050357273,232.989069888272,290.699186830303,381.482432373381,447.417197695496,"Sub-Saharan Africa","Low income","The World Bank systematically assesses the appropriateness of official exchange rates as conversion factors. In this country, multiple or dual exchange rate activity exists and must be accounted for appropriately in underlying statistics. An alternative estimate (“alternative conversion factor” - PA.NUS.ATLS) is thus calculated as a weighted average of the different exchange rates in use in the country. Doing so better reflects economic reality and leads to more accurate cross-country comparisons and country classifications by income level. For this country, this applies to the period 1977-2017. Alternative conversion factors are used in the Atlas methodology and elsewhere in World Development Indicators as single-year conversion factors.","Somalia",NA
"214","SRB","Serbia",2571.30403953333,914.785719885861,1727.2822281985,2283.84668494941,3005.42635224484,3502.80292389567,3720.47915467431,"Europe & Central Asia","Upper middle income","Montenegro declared independence from Serbia and Montenegro on June 3, 2006. Where available, data for each country are shown separately. However, for Serbia, some indicators, such as those series for which data appear only for Serbia and not Montenegro--e.g., aid, environment, external debt, balance of payments, various social indicators excluding population--continue to include data for Montenegro through 2005. Moreover, data from 1999 onward for Serbia for most indicators exclude data for Kosovo, 1999 being the year when Kosovo became a territory under international administration pursuant to UN Security Council Resolution 1244 (1999); any exceptions are noted. Kosovo became a World Bank member on June 29, 2009; available data are shown separately for Kosovo. In 2011, the Statistical Office of Serbia improved the methodology of national accounts data for 2003 onward. Specifically, the classification of sectors was revised.","Serbia",NA
"215","SSA","Sub-Saharan Africa (excluding high income)",617.011568060528,637.264487770648,593.699358316445,629.391681989164,772.07224322124,933.455364019912,1078.30869683943,"Other","Other","","Sub-Saharan Africa (excluding high income)",NA
"216","SSD","South Sudan",NA,NA,NA,NA,NA,NA,NA,"Sub-Saharan Africa","Low income","The reporting period for national accounts data is designated as either calendar year basis (CY) or fiscal year basis (FY). For this country, it is fiscal year-based (fiscal year-end: June 30). Also, an estimate (PA.NUS.ATLS) of the exchange rate covers the same period and thus differs from the official exchange rate (CY).","South Sudan",NA
"217","SSF","Sub-Saharan Africa",617.955625143579,638.167742231169,594.595916535851,630.372420323039,773.022506175969,934.55398205227,1079.47239027986,"Other","Other","Sub-Saharan Africa regional aggregate (includes all income levels).","Sub-Saharan Africa",NA
"218","SST","Small states",4850.64798939689,5023.08537179372,4979.11493611358,5318.2540283512,6213.28968298475,7106.60672436058,7876.59041793564,"Other","Other","Small states aggregate.","Small states",NA
"219","STP","Sao Tome and Principe",545.118836206949,530.208572722679,519.295582995766,568.409673438844,663.920663905382,726.597740707697,843.955111272836,"Sub-Saharan Africa","Lower middle income","National account data were adjusted to reflect the new banknote (1 new Dobra STN = 1000 old Dobra STD)","São Tomé and Principe",NA
"220","SUR","Suriname",1883.88909886625,1978.44661083547,1711.71446057638,2206.27290975194,2529.25942161,2906.72527754218,3474.12033122968,"Latin America & Caribbean","Upper middle income","The World Bank systematically assesses the appropriateness of official exchange rates as conversion factors. In this country, multiple or dual exchange rate activity exists and must be accounted for appropriately in underlying statistics. An alternative estimate (“alternative conversion factor” - PA.NUS.ATLS) is thus calculated as a weighted average of the different exchange rates in use in the country. Doing so better reflects economic reality and leads to more accurate cross-country comparisons and country classifications by income level. For this country, this applies to 1989-2021. Alternative conversion factors are used in the Atlas methodology and elsewhere in World Development Indicators as single-year conversion factors.","Suriname",NA
"221","SVK","Slovak Republic",5645.58139584233,5426.62428119306,5722.1681828083,6564.69631373665,8731.93736824381,10691.4465495259,11690.1134689407,"Europe & Central Asia","High income","A simple multiplier is used to convert the national currencies of EMU members to euros. The following irrevocable euro conversion rate entered into force on January 1, 2009: 1 euro = 30.126 Slovak koruna. Please note that historical data are not actual euros and are not comparable or suitable for aggregation across countries.","Slovak Republic",NA
"222","SVN","Slovenia",11452.7831245082,10201.3035366727,10479.7596309273,11777.1556578814,14849.0372415032,17233.1385611279,18098.9085440003,"Europe & Central Asia","High income","A simple multiplier is used to convert the national currencies of EMU members to euros. The following irrevocable euro conversion rate entered into force on January 1, 2007: 1 euro = 239.64 Slovenian tolar. Please note that historical data are not actual euros and are not comparable or suitable for aggregation across countries.","Slovenia",NA
"223","SWE","Sweden",30941.0793624668,29624.9126748618,27247.857734793,29899.1952495081,37321.7979047059,42821.6731423358,43437.0631164776,"Europe & Central Asia","High income","Fiscal year end: June 30; reporting period for national accounts data: CY.","Sweden",NA
"224","SWZ","Eswatini",1519.96670756628,1686.6575322622,1481.16308195353,1362.97056755645,2075.56166692432,2599.15214954166,2964.97248651359,"Sub-Saharan Africa","Lower middle income","Fiscal year end: March 31; reporting period for national accounts data: CY. Authorities revised national accounts from 1999 to 2015.","Eswatini",NA
"225","SXM","Sint Maarten (Dutch part)",NA,NA,NA,NA,NA,NA,NA,"Latin America & Caribbean","High income","","Sint Maarten (Dutch part)",NA
"226","SYC","Seychelles",8243.23610099084,8063.65500575169,8153.2986369879,8864.16919495467,9070.28460757013,10827.671636033,11802.1118276833,"Sub-Saharan Africa","High income","","Seychelles",NA
"227","SYR","Syrian Arab Republic",998.281574391283,1161.23708189034,1209.77329225939,1204.22583160339,1239.43577575965,1387.24512189414,1552.93012619927,"Middle East & North Africa","Low income","The World Bank systematically assesses the appropriateness of official exchange rates as conversion factors. In this country, multiple or dual exchange rate activity exists and must be accounted for appropriately in underlying statistics. An alternative estimate (“alternative conversion factor” - PA.NUS.ATLS) is thus calculated as a weighted average of the different exchange rates in use in the country. Doing so better reflects economic reality and leads to more accurate cross-country comparisons and country classifications by income level. For this country, this applies to the period 2011-2023. Alternative conversion factors are used in the Atlas methodology and elsewhere in World Development Indicators as single-year conversion factors.","Syrian Arab Republic",NA
"228","TCA","Turks and Caicos Islands",NA,NA,18323.8737358259,17803.0828235751,18848.7786926722,21233.9323975688,24115.2656803501,"Latin America & Caribbean","High income","","Turks and Caicos Islands",NA
"229","TCD","Chad",192.269471956914,168.117658247775,200.361008052321,225.947310959268,298.249881700489,460.067018320577,664.59765601918,"Sub-Saharan Africa","Low income","","Chad",NA
"230","TEA","East Asia & Pacific (IDA & IBRD countries)",887.53913730381,966.822252451888,1018.99025547098,1117.76230225896,1254.36978978122,1442.57850660899,1657.51041716504,"Other","Other","East Asia & Pacific (IDA & IBRD countries) aggregate.","East Asia & Pacific (IDA & IBRD)",NA
"231","TEC","Europe & Central Asia (IDA & IBRD countries)",1883.03066480853,2051.99228208248,2088.21842079291,2349.87331669475,2890.50629498779,3737.55104868882,4677.70277357734,"Other","Other","Europe & Central Asia (IDA & IBRD countries) aggregate.","Europe & Central Asia (IDA & IBRD)",NA
"232","TGO","Togo",457.396094974096,420.693695681975,406.865957151676,456.34416195294,551.186773612819,573.483645875891,564.099744507547,"Sub-Saharan Africa","Low income","","Togo",NA
"233","THA","Thailand",2028.56877070995,2004.10705891031,1889.97141079834,2091.17890312133,2350.84549582551,2647.26073263886,2876.24577293139,"East Asia & Pacific","Upper middle income","Fiscal year end: September 30; reporting period for national accounts data: CY.","Thailand",NA
"234","TJK","Tajikistan",175.555518081111,137.18190923442,168.638569608762,186.663398474384,233.094061621536,305.266077801943,333.713902749747,"Europe & Central Asia","Lower middle income","","Tajikistan",NA
"235","TKM","Turkmenistan",544.439255605805,635.714466332445,762.610797622974,949.576398205626,1256.03186702755,1418.80626559546,1658.67277890821,"Europe & Central Asia","Upper middle income","","Turkmenistan",NA
"236","TLA","Latin America & the Caribbean (IDA & IBRD countries)",4022.31544809584,4380.78860492617,4214.15536945963,3705.73144053825,3719.34377128499,4241.03182180359,5088.02475932901,"Other","Other","Latin America & the Caribbean (IDA & IBRD countries) aggregate.","Latin America & Caribbean (IDA & IBRD)",NA
"237","TLS","Timor-Leste",260.033300678822,417.737943440047,534.650577099018,516.089899399652,529.219797544245,465.937764604028,476.902713571364,"East Asia & Pacific","Lower middle income","","Timor-Leste",NA
"238","TMN","Middle East & North Africa (IDA & IBRD countries)",1614.67722477632,1673.57351599214,1662.7352059432,1575.40644071178,1702.29242691515,1982.05364389164,2274.6126764478,"Other","Other","Middle East & North Africa (IDA & IBRD countries) aggregate.","Middle East & North Africa (IDA & IBRD)",NA
"239","TON","Tonga",1953.37135476763,1996.51557758043,1754.84187972624,1760.66703430023,1937.04234475148,2195.98639734304,2478.42704686749,"East Asia & Pacific","Upper middle income","The reporting period for national accounts data is designated as either calendar year basis (CY) or fiscal year basis (FY). For this country, it is fiscal year-based (fiscal year-end: June 30). Also, an estimate (PA.NUS.ATLS) of the exchange rate covers the same period and thus differs from the official exchange rate (CY).","Tonga",NA
"240","TSA","South Asia (IDA & IBRD)",433.3692098263,460.345954801747,461.902531766085,475.665286240473,544.978929448383,621.230452025644,698.018931747523,"Other","Other","South Asia (IDA & IBRD countries) aggregate.","South Asia (IDA & IBRD)",NA
"241","TSS","Sub-Saharan Africa (IDA & IBRD countries)",617.95562514358,638.167742231169,594.595916535851,630.372420323039,773.022506175969,934.55398205227,1079.47239027986,"Other","Other","Sub-Saharan Africa (IDA & IBRD countries) aggregate.","Sub-Saharan Africa (IDA & IBRD)",NA
"242","TTO","Trinidad and Tobago",5130.86607098351,6120.94270389706,6592.77664795341,6692.80435504512,8352.46315761855,9756.50037102982,11673.7815403674,"Latin America & Caribbean","High income","","Trinidad and Tobago",NA
"243","TUN","Tunisia",2343.9972545107,2170.50867078119,2207.65992062952,2292.48370528686,2693.19661439857,3029.84876850628,3106.57663000034,"Middle East & North Africa","Lower middle income","","Tunisia",NA
"244","TUR","Turkiye",4057.82127369394,4278.26311284951,3100.45899923828,3640.76283635427,4704.77266342301,6031.79136735234,7369.43188923286,"Europe & Central Asia","Upper middle income","","Türkiye",NA
"245","TUV","Tuvalu",1535.32191475879,1564.01489260611,1451.48449507474,1752.80181031194,2012.4470450789,2328.49300169085,2311.33775386479,"East Asia & Pacific","Upper middle income","","Tuvalu",NA
"246","TZA","Tanzania",390.284271240234,399.325439453125,394.217681884766,400.076934814453,419.420257568359,447.435882568359,480.180053710938,"Sub-Saharan Africa","Lower middle income","","Tanzania",NA
"247","UGA","Uganda",257.678577745517,257.829605739453,235.852974853568,241.868930237494,250.690588410025,292.472665588666,330.602854382722,"Sub-Saharan Africa","Low income","The reporting period for national accounts data is designated as either calendar year basis (CY) or fiscal year basis (FY). For this country, it is fiscal year-based (fiscal year-end: June 30). Also, an estimate (PA.NUS.ATLS) of the exchange rate covers the same period and thus differs from the official exchange rate (CY). 	

In addition, the World Bank systematically assesses the appropriateness of official exchange rates as conversion factors. In this country, multiple or dual exchange rate activity exists and must be accounted for appropriately in underlying statistics. An alternative estimate (“alternative conversion factor” - PA.NUS.ATLS) is thus calculated as a weighted average of the different exchange rates in use in the country. Doing so better reflects economic reality and leads to more accurate cross-country comparisons and country classifications by income level. For this country, this applies to 1960-2009. Alternative conversion factors are used in the Atlas methodology and elsewhere in World Development Indicators as single-year conversion factors.","Uganda",NA
"248","UKR","Ukraine",635.757934570313,658.344604492188,807.801940917969,911.906860351563,1087.7880859375,1416.60375976563,1894.46008300781,"Europe & Central Asia","Upper middle income","","Ukraine",NA
"249","UMC","Upper middle income",1707.94884958839,1848.26063743954,1831.2567519621,1827.92931529756,2020.29083045754,2362.9310693683,2784.58779399685,"Other","Other","Upper middle income group aggregate. Upper-middle-income economies are those in which 2023 Atlas GNI per capita was between $4,516 and $14,005.","Upper middle income",NA
"250","URY","Uruguay",7314.49095052925,6932.47813396337,6331.15660187559,4115.15454913195,3638.94359070859,4130.1001146777,5233.45717058668,"Latin America & Caribbean","High income","","Uruguay",NA
"251","USA","United States",34515.3813073394,36329.9702595751,37133.6203973517,37997.7424300242,39490.3023903176,41724.6411982614,44123.3996470026,"North America","High income","","United States",NA
"252","UZB","Uzbekistan",702.480744088873,558.226802377,456.706289511583,383.343067990742,396.377979026633,465.119886944025,546.776850185552,"Europe & Central Asia","Lower middle income","","Uzbekistan",NA
"253","VCT","St. Vincent and the Grenadines",3427.50575480081,3760.08045686378,4066.07063765132,4299.37286779949,4500.92733395418,4883.31366497216,5176.12814656807,"Latin America & Caribbean","Upper middle income","","St. Vincent and the Grenadines",NA
"254","VEN","Venezuela, RB",4087.82934763162,4795.63474781717,4940.11390287807,3667.20019363107,3243.36880476351,4287.63157898613,5456.32242533255,"Latin America & Caribbean","Other","","Venezuela, RB",NA
"255","VGB","British Virgin Islands",NA,NA,NA,NA,NA,NA,NA,"Latin America & Caribbean","High income","","British Virgin Islands",NA
"256","VIR","Virgin Islands (U.S.)",NA,NA,NA,30062.0225050457,31731.2566241187,35006.3614404514,40828.7460927775,"Latin America & Caribbean","High income","","Virgin Islands (U.S.)",NA
"257","VNM","Viet Nam",367.156883682362,394.583136574358,409.497733926552,434.810292146332,485.45090806895,551.903505134912,693.18984250035,"East Asia & Pacific","Lower middle income","","Viet Nam",NA
"258","VUT","Vanuatu",1429.88909412638,1416.19702737102,1309.04758427698,1299.17890191232,1517.29444943875,1718.26302892176,1814.81782563854,"East Asia & Pacific","Lower middle income","","Vanuatu",NA
"259","WLD","World",5399.00286666433,5507.31412485432,5400.63111689924,5535.21273060192,6127.48578353944,6817.4956625798,7288.55057933625,"Other","Other","","World",NA
"260","WSM","Samoa",1401.715924173,1406.76568300557,1435.3451812614,1509.8865895728,1778.84223441507,2168.02818637954,2527.76283841797,"East Asia & Pacific","Lower middle income","The reporting period for national accounts data is designated as either calendar year basis (CY) or fiscal year basis (FY). For this country, it is fiscal year-based (fiscal year-end: June 30). Also, an estimate (PA.NUS.ATLS) of the exchange rate covers the same period and thus differs from the official exchange rate (CY).","Samoa",NA
"261","XKX","Kosovo",NA,NA,NA,NA,NA,NA,NA,"Europe & Central Asia","Upper middle income","","Kosovo",NA
"262","YEM","Yemen, Rep.",421.723114978658,519.591639254824,514.692340729636,543.900068398865,583.369652749026,668.854619037377,784.757980515193,"Middle East & North Africa","Low income","The World Bank systematically assesses the appropriateness of official exchange rates as conversion factors. In this country, multiple or dual exchange rate activity exists and must be accounted for appropriately in underlying statistics. An alternative estimate (“alternative conversion factor” - PA.NUS.ATLS) is thus calculated as a weighted average of the different exchange rates in use in the country. Doing so better reflects economic reality and leads to more accurate cross-country comparisons and country classifications by income level. For this country, this applies to 1990-2019. Alternative conversion factors are used in the Atlas methodology and elsewhere in World Development Indicators as single-year conversion factors.","Yemen, Rep.",NA
"263","ZAF","South Africa",3267.93916857825,3241.66139605189,2867.47249671099,2708.42333318343,4095.68370023032,5268.27857621702,5893.18707587233,"Sub-Saharan Africa","Upper middle income","Fiscal year end: March 31; reporting period for national accounts data: CY.","South Africa",NA
"264","ZMB","Zambia",353.830233752725,364.026145370374,401.732315892622,399.099077873756,452.2865820075,556.050051613635,720.446504729389,"Sub-Saharan Africa","Lower middle income","National accounts data were rebased to reflect the January 1, 2013, introduction of the new Zambian kwacha at a rate of 1,000 old kwacha = 1 new kwacha.","Zambia",NA
"265","ZWE","Zimbabwe",585.331799194534,565.284389703613,569.003208636604,529.186882814375,474.30220105818,477.399491040164,470.783761438779,"Sub-Saharan Africa","Lower middle income","National Accounts data are reported in Zimbabwean Dollar (ZWL). Before 2017, one ZWL is set to be equal to one USD.

The World Bank systematically assesses the appropriateness of official exchange rates as conversion factors. In this country, multiple or dual exchange rate activity exists and must be accounted for appropriately in underlying statistics. An alternative estimate (“alternative conversion factor” - PA.NUS.ATLS) is thus calculated as a weighted average of the different exchange rates in use in the country. Doing so better reflects economic reality and leads to more accurate cross-country comparisons and country classifications by income level. For this country, this applies to the period 2017-2023. Alternative conversion factors are used in the Atlas methodology and elsewhere in World Development Indicators as single-year conversion factors.","Zimbabwe",NA
